rent,bedroom,bathrooms,additional_rooms,balcany,brokarage,area,furnishing,avalable_for,address,floor_number,facing,floor_type,gate_community,corner_pro,parking,wheelchairadption,petfacility,aggDur,noticeDur,lightbill,powerbackup,propertyage
"25,000",2,2,Not given,1,"Deposit₹ 100,000/-",Super Built up area 1200(111.48 sq.m.)Built Up area: 1180 sq.ft. (109.63 sq.m.)Carpet area: 1080 sq.ft. (100.34 sq.m.)  sq.ft.,Semifurnished,Family Only," in Kumar Pinnacle, Sangamvadi, , Pune, Maharashtra",8th   of 8 Floors,East,Vitrified,Yes,Yes,,Yes,,11 Months,1 Months,Charges not included,Full,10+ Year Old
8000,1,1,Not given,1,"Deposit₹ 20,000/-",Plot area 750(69.68 sq.m.)  sq.ft.,Unfurnished,"Family , Bachelors (Men Only)"," in Munjaba Vasti, , Pune, Maharashtra",,,,,,"1 Covered, 1 Open",,,12 Months,0 Months,Charges not included,None,1 to 5 Year Old
"11,000",2,2,Not given,2,"Deposit₹ 40,000/-",Carpet area: 700 (65.03 sq.m.)  sq.ft.,Semifurnished,"Family , Bachelors (Women Only)"," in Sunrise avenue , Dhayarigoan, , Pune, Maharashtra",3rd   of 5 Floors,East,Ceramic,,,1 Covered,,,11 Months,1 Months,Charges not included,Full,1 to 5 Year Old
"20,000",2,2,Pooja Room,2,"Deposit₹ 50,000/-",Carpet area: 65   sq.m.,Semifurnished,Family Only," in Sanctuary,F802,behind Bird Valley, Shahunagar, , Pune, Maharashtra",8th   of 11 Floors,North-West,Vitrified,Yes,,"1 Covered, 1 Open",,,None,2 Months,Charges not included,Partial,0 to 1 Year Old
"11,500",1,1,Not given,1,"Maintenance₹ 660/- (/ month)Deposit₹ 30,000/-",Super Built up area 550(51.1 sq.m.)Built Up area: 530 sq.ft. (49.24 sq.m.)Carpet area: 520 sq.ft. (48.31 sq.m.)  sq.ft.,Semifurnished,All," in Vardhaman Garden CHSL, Hadapsar, , Pune, Maharashtra",1st   of 3 Floors,West,Mosaic,Yes,,"1 Covered, 1 Open",,,None,0 Months,Charges not included,None,10+ Year Old
"10,000",1,1,Not given,1,"Deposit₹ 30,000/-",Carpet area: 555 (51.56 sq.m.)  sq.ft.,Unfurnished,All," in Saj Shree Society, Opposite SP Infosity Phursungi, , Pune, Maharashtra",1st   of 5 Floors,,,Yes,,1 Covered,,,None,0 Months,Charges not included,None,5 to 10 Year Old
6000,1,1,Not given,1,"Deposit₹ 10,000/-",Carpet area: 750 (69.68 sq.m.)  sq.ft.,Unfurnished,All," in Trimurti Niwas, Lohegaon, , Pune, Maharashtra",2nd   of 2 Floors,,Ceramic,,,1 Covered,,,None,1 Months,Charges not included,None,5 to 10 Year Old
8000,1,1,Not given,1,,Super Built up area 532(49.42 sq.m.)  sq.ft.,Unfurnished,All," in Nilesh Binawat Park, Hadapsar, , Pune, Maharashtra",2nd   of 3 Floors,,,Yes,,1 Covered,,,None,0 Months,Charges included,None,5 to 10 Year Old
"17,000",2,2,Not given,2,"Deposit₹ 40,000/-",Built Up area: 1250 (116.13 sq.m.)Carpet area: 1060 sq.ft. (98.48 sq.m.)  sq.ft.,Unfurnished,Family Only," in Suryodaya Apartment, Pimple Nilakh, , Pune, Maharashtra",2nd   of 4 Floors,,Marble,,,1 Covered,,,11 Months,1 Months,Charges not included,Partial,5 to 10 Year Old
6500,1,1,Not given,,"Deposit₹ 13,000/-",Carpet area: 465 (43.2 sq.m.)  sq.ft.,Semifurnished,Family Only," in Xrbia Hinjewadi Road, Nere, , Pune, Maharashtra",5th   of 10 Floors,,Marble,Yes,,1 Covered,,,None,0 Months,Charges not included,None,10+ Year Old
7500,1,1,Not given,,"Deposit₹ 20,000/-",Carpet area: 320 (29.73 sq.m.)  sq.ft.,Semifurnished,Family Only," in kalpataru Apartment Warje Malwadi, Warje Malwadi Pune, , Pune, Maharashtra",1st   of 3 Floors,East,Others,,,,,,24 Months,2 Months,Charges included,None,10+ Year Old
"12,500",2,2,Not given,1,"Deposit₹ 40,000/-",Carpet area: 750 (69.68 sq.m.)  sq.ft.,Unfurnished,Family Only," in Chintamani Garden, Ambegaon Budruk, , Pune, Maharashtra",6th   of 6 Floors,East,Vitrified,,,"1 Covered, 1 Open",,,None,0 Months,Charges not included,Partial,10+ Year Old
"11,000",1,1,Not given,1,"Deposit₹ 20,000/-",Carpet area: 629 (58.44 sq.m.)  sq.ft.,Semifurnished,Family Only," in riverview three society, shitala devi nagar, , Pune, Maharashtra",3rd   of 4 Floors,,,,,1 Covered,,,None,0 Months,Charges not included,None,1 to 5 Year Old
7500,2,2,Not given,1,,Carpet area: 650 (60.39 sq.m.)  sq.ft.,Semifurnished,All," in Gagan Aakansha Housing Complex, Uruli Kanchan, , Pune, Maharashtra",4th   of 7 Floors,West,,,,1 Covered,,,11 Months,1 Months,Charges not included,None,0 to 1 Year Old
"16,000",2,2,Not given,1,"Deposit₹ 20,000/-",Super Built up area 700(65.03 sq.m.)  sq.ft.,Unfurnished,Family Only," in saraswati apartment, Chandan Nagar, , Pune, Maharashtra",3rd   of 3 Floors,,,,,,,,None,0 Months,Charges not included,None,5 to 10 Year Old
"11,000",2,2,Not given,1,"Deposit₹ 23,000/-",Carpet area: 950 (88.26 sq.m.)  sq.ft.,Semifurnished,All," in Nanashree Nivas, Naran Bhag,Keshavnagar, , Pune, Maharashtra",2nd   of 2 Floors,East,,,," Covered,  Open",,,11 Months,1 Months,Charges not included,None,1 to 5 Year Old
"19,000",2,2,Not given,3,Deposit2 months rent,Super Built up area 1010(93.83 sq.m.)  sq.ft.,Semifurnished,Family Only," in Amrut Ganga, Manik Baug, , Pune, Maharashtra",2nd   of 11 Floors,,,,,1 Open,,,None,0 Months,Charges not included,None,5 to 10 Year Old
"11,000",1,1,Not given,1,"Deposit₹ 30,000/-",Super Built up area 630(58.53 sq.m.)  sq.ft.,Semifurnished,Family Only," in Morya Gosavi Raj Park, Pimpri Chinchwad, , Pune, Maharashtra",1st   of 5 Floors,,,,,,,,None,0 Months,Charges not included,None,10+ Year Old
"15,000",1,2,Not given,1,"Deposit₹ 25,000/-",Built Up area: 649 (60.29 sq.m.)  sq.ft.,Unfurnished,Family Only," in Shivam Majestica, Wakad, , Pune, Maharashtra",5th   of 7 Floors,,,,,,,,12 Months,1 Months,Charges not included,None,5 to 10 Year Old
"17,000",2,2,Not given,1,"Deposit₹ 30,000/-",Carpet area: 1250 (116.13 sq.m.)  sq.ft.,Unfurnished,All," in Gokhale Nagar, , Pune, Maharashtra",1st   of 4 Floors,,,,,,,,None,0 Months,Charges not included,None,10+ Year Old
8000,1,1,Not given,1,"Deposit₹ 15,000/-",Carpet area: 540 (50.17 sq.m.)  sq.ft.,Unfurnished,Family Only," in shiv aaradhana society, Bhekrai Nagar, , Pune, Maharashtra",Ground of 4 Floors,,,,,1 Open,,,11 Months,0 Months,Charges not included,None,5 to 10 Year Old
9000,1,1,Not given,,"Maintenance₹ 200/- (/ month)Deposit₹ 30,000/-",Super Built up area 475(44.13 sq.m.)  sq.ft.,Semifurnished,All," in Kalewadi Phata, , Pune, Maharashtra",Ground of 3 Floors,South-West,Vitrified,,,,,,None,0 Months,Charges included,None,0 to 1 Year Old
"11,000",1,1,Not given,2,,Super Built up area 700(65.03 sq.m.)  sq.ft.,Unfurnished,Family Only," in Mantra Senses, Handewadi, , Pune, Maharashtra",4th   of 11 Floors,North-West,,Yes,,1 Open,,,None,0 Months,Charges not included,None,1 to 5 Year Old
"10,000",1,1,Not given,1,Deposit3 months rent,Built Up area: 700 (65.03 sq.m.)  sq.ft.,Semifurnished,All," in Vitthal Nagar, , Pune, Maharashtra",2nd   of 4 Floors,,,,,,,,None,0 Months,Charges not included,None,1 to 5 Year Old
"12,000",2,2,Not given,1,Deposit2 months rent,Super Built up area 1100(102.19 sq.m.)Built Up area: 1000 sq.ft. (92.9 sq.m.)Carpet area: 750 sq.ft. (69.68 sq.m.)  sq.ft.,Furnished,Family Only," in Munnalal Paradise, Hadapsar, , Pune, Maharashtra",2nd   of 4 Floors,North-East,Vitrified,Yes,,1 Covered,,,None,0 Months,Charges not included,None,10+ Year Old
,,,Not given,0,,None,,None,,,,,,,,,,,,,,
"10,000",1,1,Not given,2,"Deposit₹ 25,000/-",Super Built up area 500(46.45 sq.m.)Built Up area: 450 sq.ft. (41.81 sq.m.)Carpet area: 400 sq.ft. (37.16 sq.m.)  sq.ft.,Unfurnished,All," in On Request , Mundhwa, , Pune, Maharashtra",1st   of 3 Floors,,Ceramic,Yes,,3 Covered,,,11 Months,1 Months,Charges not included,None,0 to 1 Year Old
"10,000",1,1,Not given,1,"Deposit₹ 30,000/-",Super Built up area 651(60.48 sq.m.)Built Up area: 650 sq.ft. (60.39 sq.m.)Carpet area: 600 sq.ft. (55.74 sq.m.)  sq.ft.,Unfurnished,All," in deshpande sankul, Kashid Nagar, , Pune, Maharashtra",3rd   of 4 Floors,North,,Yes,,1 Covered,,,None,0 Months,Charges not included,None,10+ Year Old
9500,1,1,Others,,"Deposit₹ 30,000/-",Super Built up area 700(65.03 sq.m.)Built Up area: 650 sq.ft. (60.39 sq.m.)Carpet area: 645 sq.ft. (59.92 sq.m.)  sq.ft.,Unfurnished,All," in Kondhwa, , Pune, Maharashtra",4th   of 5 Floors,South,Marble,Yes,,1 Open,Yes,,24 Months,1 Months,Charges not included,None,1 to 5 Year Old
7500,1,1,Not given,3,"Deposit₹ 10,000/-",Super Built up area 700(65.03 sq.m.)  sq.ft.,Unfurnished,Family Only," in Lohegaon, , Pune, Maharashtra",2nd   of 3 Floors,,,,,1 Open,,,None,0 Months,Charges not included,None,5 to 10 Year Old
"14,000",2,2,Not given,,"Deposit₹ 40,000/-",Built Up area: 1000 (92.9 sq.m.)  sq.ft.,Unfurnished,All," in Ganesh Siddhi Residency, Chikhali, , Pune, Maharashtra",1st   of 5 Floors,,,Yes,,,,,None,0 Months,Charges included,None,1 to 5 Year Old
"13,000",2,1,Not given,1,"Deposit₹ 30,000/-",Plot area 2500(232.26 sq.m.)Built Up area: 900 sq.ft. (83.61 sq.m.)  sq.ft.,Unfurnished,Family Only," in Akurdi, , Pune, Maharashtra",,South-West,,,,1 Open,,,None,0 Months,Charges not included,None,1 to 5 Year Old
"15,000",2,2,Not given,2,Deposit3 months rent,Built Up area: 1300 (120.77 sq.m.)  sq.ft.,Unfurnished,All," in Kale Padal, , Pune, Maharashtra",,,,,,1 Covered,,,None,0 Months,Charges not included,None,0 to 1 Year Old
"15,000",2,2,Not given,1,"Deposit₹ 50,000/-",Carpet area: 850 (78.97 sq.m.)  sq.ft.,Unfurnished,All," in Dagde Tirumala Heights, Siddharth Nagar, , Pune, Maharashtra",2nd   of 5 Floors,West,Vitrified,,,2 Open,,,11 Months,1 Months,Charges not included,None,5 to 10 Year Old
"14,500",1,1,Not given,,"Deposit₹ 35,000/-",Super Built up area 565(52.49 sq.m.)  sq.ft.,Semifurnished,All," in Shanta Niketan Housing Society, Bopodi, , Pune, Maharashtra",1st   of 4 Floors,,,Yes,,1 Open,,,None,0 Months,Charges not included,None,10+ Year Old
7000,1,1,Not given,,"Deposit₹ 15,000/-",Built Up area: 300 (27.87 sq.m.)  sq.ft.,Unfurnished,Family Only," in Janwadi, , Pune, Maharashtra",Ground of 2 Floors,,,,,,,,None,0 Months,Charges not included,None,10+ Year Old
"10,500",1,1,Not given,1,"Deposit₹ 15,000/-",Built Up area: 650 (60.39 sq.m.)  sq.ft.,Unfurnished,All," in Indraprastha Society, Wadgaon Sheri, , Pune, Maharashtra",2nd   of 3 Floors,,,,,,,,None,0 Months,Charges not included,None,1 to 5 Year Old
"14,000",2,2,Not given,1,"Deposit₹ 40,000/-",Super Built up area 1000(92.9 sq.m.)  sq.ft.,Unfurnished,All," in v&g residency, Bhairav Nagar, , Pune, Maharashtra",1st   of 3 Floors,,,,,1 Covered,,,None,0 Months,Charges not included,None,5 to 10 Year Old
6000,1,1,Not given,,"Deposit₹ 12,000/-",Super Built up area 300(27.87 sq.m.)Carpet area: 250 sq.ft. (23.23 sq.m.)  sq.ft.,Unfurnished,All," in Tukaram Nagar, , Pune, Maharashtra",1st   of 2 Floors,South,,Yes,,"2 Covered, 2 Open",,,None,0 Months,Charges not included,None,1 to 5 Year Old
"11,000",2,1,Not given,1,"Deposit₹ 40,000/-",Plot area 2177.96(202.34 sq.m.)  sq.ft.,Unfurnished,Family Only," in Orient Park, Hadapsar, , Pune, Maharashtra",,East,Polished concrete,,,1 Covered,,,11 Months,1 Months,Charges not included,None,5 to 10 Year Old
"13,000",1,1,Study Room,1,,Plot area 600(55.74 sq.m.)  sq.ft.,Unfurnished,All," in Adarsh Colony, , Pune, Maharashtra",,East,Others,Yes,,2 Covered,,Yes,None,1 Months,Charges not included,None,10+ Year Old
"13,000",1,1,Not given,1,"Deposit₹ 30,000/-",Super Built up area 700(65.03 sq.m.)  sq.ft.,Semifurnished,Family Only," in Saidham Society, Dhanori, , Pune, Maharashtra",2nd   of 6 Floors,South-West,,Yes,,"1 Covered, 0 Open",,,11 Months,1 Months,Charges not included,None,10+ Year Old
"11,000",1,1,Not given,,"Deposit₹ 25,000/-",Built Up area: 550 (51.1 sq.m.)  sq.ft.,Unfurnished,All," in Vadgaon Sheri, , Pune, Maharashtra",Ground of 2 Floors,South,,,,1 Open,,,None,0 Months,Charges included,None,1 to 5 Year Old
6000,1,1,Not given,1,,Built Up area: 7000 (650.32 sq.m.)  sq.ft.,Unfurnished,All," in On Request, Ambegaon Kh, , Pune, Maharashtra",1st   of 2 Floors,South-East,,,,1 Open,,,None,0 Months,Charges not included,None,10+ Year Old
"17,000",2,2,Not given,1,"Deposit₹ 60,000/-",Super Built up area 1026(95.32 sq.m.)Built Up area: 900 sq.ft. (83.61 sq.m.)Carpet area: 850 sq.ft. (78.97 sq.m.)  sq.ft.,Semifurnished,Family Only," in Anmol Residency, Wakad, , Pune, Maharashtra",3rd   of 6 Floors,South-East,Mosaic,Yes,,1 Covered,,,11 Months,1 Months,Charges not included,None,10+ Year Old
"15,000",1,1,Not given,1,"Deposit₹ 40,000/-",Built Up area: 700 (65.03 sq.m.)  sq.ft.,Semifurnished,Family Only," in Bavdhan, , Pune, Maharashtra",1st   of 4 Floors,South-East,,,,"1 Covered, 0 Open",,,None,0 Months,Charges not included,None,10+ Year Old
"11,500",2,2,Not given,1,"Deposit₹ 30,000/-",Built Up area: 1050 (97.55 sq.m.)  sq.ft.,Unfurnished,Family Only," in Matoshree, Bhosari, , Pune, Maharashtra",2nd   of 3 Floors,South-East,,,,1 Open,,,None,0 Months,Charges not included,None,5 to 10 Year Old
7500,1,2,Not given,1,"Deposit₹ 20,000/-",Carpet area: 550 (51.1 sq.m.)  sq.ft.,Unfurnished,Family Only," in On request, Katraj Kondhwa Road, , Pune, Maharashtra",Ground of 1 Floors,,,,,1 Open,,,11 Months,1 Months,Charges not included,None,1 to 5 Year Old
8000,1,1,Not given,,"Deposit₹ 25,000/-",Super Built up area 650(60.39 sq.m.)Built Up area: 550 sq.ft. (51.1 sq.m.)Carpet area: 500 sq.ft. (46.45 sq.m.)  sq.ft.,Unfurnished,All," in Harshad Apartment, Hadapsar, , Pune, Maharashtra",1st   of 2 Floors,North,Mosaic,,,2 Open,,,11 Months,1 Months,Charges included,None,10+ Year Old
"10,000",1,1,Not given,1,"Deposit₹ 25,000/-",Plot area 600(55.74 sq.m.)Built Up area: 500 sq.ft. (46.45 sq.m.)Carpet area: 490 sq.ft. (45.52 sq.m.)  sq.ft.,Semifurnished,All," in Kharadi, , Pune, Maharashtra",,North-East,Marble,,,,,Yes,11 Months,2 Months,Charges not included,None,0 to 1 Year Old
"18,000",3,3,Not given,3,,Super Built up area 1236(114.83 sq.m.)  sq.ft.,Unfurnished,All," in Tanish Orchid, Charholi Kurd, , Pune, Maharashtra",6th   of 11 Floors,,,,,1 Covered,,,None,0 Months,Charges included,None,0 to 1 Year Old
,,,Not given,0,,None,,None,,,,,,,,,,,,,,
"18,000",3,3,Not given,3,,Super Built up area 1236(114.83 sq.m.)  sq.ft.,Unfurnished,All," in Tanish Orchid, Charholi Kurd, , Pune, Maharashtra",6th   of 11 Floors,,,,,1 Covered,,,None,0 Months,Charges included,None,0 to 1 Year Old
"20,000",1,1,Not given,,Deposit2 months rent,Built Up area: 600 (55.74 sq.m.)  sq.ft.,Semifurnished,All," in Shaniwar Peth, , Pune, Maharashtra",2nd   of 3 Floors,,,,,1 Covered,,,None,0 Months,Charges not included,None,10+ Year Old
6000,1,1,Not given,1,Deposit3 months rent,Carpet area: 585 (54.35 sq.m.)  sq.ft.,Unfurnished,Family Only," in Siddhivinayak Society, Ambegaon Kh, , Pune, Maharashtra",2nd   of 5 Floors,,,,,,,,None,1 Months,Charges included,None,0 to 1 Year Old
8000,1,1,Not given,,,Carpet area: 600 (55.74 sq.m.)  sq.ft.,Unfurnished,All," in Orient Villa Society, Gadital, , Pune, Maharashtra",2nd   of 2 Floors,West,Ceramic,,,"1 Covered, 1 Open",,,None,0 Months,Charges not included,None,5 to 10 Year Old
"18,000",,,Study Room,0,"Deposit₹ 60,000/-",Plot area 480(44.59 sq.m.)  sq.ft.,Furnished,Family Only," in Beharay Pleasant Park CHS, Jambhulkar Mala, , Pune, Maharashtra",2nd   of 3 Floors,,Ceramic,Yes,,,,,11 Months,1 Months,Charges not included,None,10+ Year Old
"13,000",2,2,Not given,3,"Deposit₹ 30,000/-",Carpet area: 1000 (92.9 sq.m.)  sq.ft.,Unfurnished,Family Only," in Shalom apartment, Gagan emerlad Kondhwa, , Pune, Maharashtra",1st   of 3 Floors,,Granite,,,1 Covered,,,None,1 Months,Charges not included,None,5 to 10 Year Old
"12,000",1,1,Not given,,"Deposit₹ 12,000/-",Plot area 601(55.83 sq.m.)  sq.ft.,Semifurnished,Bachelors (Women Only)," in Dhanori, , Pune, Maharashtra",,North,Others,,,1 Covered,,,None,0 Months,Charges not included,None,0 to 1 Year Old
"13,000",2,2,Not given,1,"Deposit₹ 25,000/-",Built Up area: 640 (59.46 sq.m.)  sq.ft.,Unfurnished,Family Only," in ITrend Homes, Hinjewadi, , Pune, Maharashtra",8th   of 15 Floors,,,,,,,,36 Months,0 Months,Charges not included,None,Under Construction
9500,1,1,Not given,1,"Deposit₹ 25,000/-",Carpet area: 550 (51.1 sq.m.)  sq.ft.,Semifurnished,"Family , Bachelors (Women Only)"," in Soni Tatvam Park, B.T Kawade Road, , Pune, Maharashtra",1st   of 4 Floors,East,Mosaic,,,1 Open,,,11 Months,1 Months,Charges not included,None,10+ Year Old
9000,1,1,Not given,1,,Carpet area: 550 (51.1 sq.m.)  sq.ft.,Unfurnished,All," in Mangalanad nivas, Near Omkar mitramandal, hingane home colony karvenagar pune, , Pune, Maharashtra",2nd   of 4 Floors,North,Marble,,,,,,12 Months,1 Months,Charges not included,None,1 to 5 Year Old
6500,1,1,Not given,1,,Carpet area: 600 (55.74 sq.m.)  sq.ft.,Unfurnished,Family Only," in siddhivinajay heights, near devyani society,ganganagar main road,ganganagar fursungi pune 412308, , Pune, Maharashtra",5th   of 5 Floors,East,Others,Yes,," Covered,  Open",,,None,1 Months,Charges not included,None,1 to 5 Year Old
"12,000",1,1,Not given,1,"Deposit₹ 40,000/-",Built Up area: 660 (61.32 sq.m.)Carpet area: 400 sq.ft. (37.16 sq.m.)  sq.ft.,Unfurnished,All," in Shivraj Colony, Nakhate Vasti, , Pune, Maharashtra",,West,Marble,,,1 Covered,,,24 Months,1 Months,Charges not included,None,1 to 5 Year Old
"12,000",2,2,Not given,1,"Maintenance₹ 1,000/- (/ month)Deposit₹ 50,000/-",Built Up area: 825 (76.65 sq.m.)Carpet area: 700 sq.ft. (65.03 sq.m.)  sq.ft.,Semifurnished,Family Only," in Venkatesh Apartment, Shivane, , Pune, Maharashtra",3rd   of 5 Floors,,,,,,,,11 Months,0 Months,Charges not included,None,5 to 10 Year Old
9000,1,1,Not given,1,"Deposit₹ 20,000/-",Carpet area: 524 (48.68 sq.m.)  sq.ft.,Unfurnished,"Family , Bachelors (Women Only)"," in B.K.Chavan Sun Fantasy, Ambegaon, , Pune, Maharashtra",2nd   of 11 Floors,,,Yes,,,,Yes,12 Months,1 Months,Charges not included,Partial,1 to 5 Year Old
6500,1,1,Not given,1,"Deposit₹ 10,000/-",Carpet area: 540 (50.17 sq.m.)  sq.ft.,Unfurnished,Family Only," in Chondhe building, Padmavati mandir, , Pune, Maharashtra",4th   of 4 Floors,,,,Yes,1 Covered,,,11 Months,0 Months,Charges not included,None,1 to 5 Year Old
"20,000",2,2,Not given,1,,Carpet area: 853 (79.25 sq.m.)  sq.ft.,Semifurnished,All," in gayatrree landmark phase 1, Dange Chowk, , Pune, Maharashtra",8th   of 41 Floors,,,,,1 Covered,,,None,0 Months,Charges included,None,0 to 1 Year Old
"10,000",1,1,Others,2,"Maintenance₹ 500/- (/ month)Deposit₹ 30,000/-",Super Built up area 620Built Up area: 620 sq.m.Carpet area: 490 sq.m.  sq.m.,Unfurnished,Family Only," in Jadhav Purple Bloom, Dighi, , Pune, Maharashtra",4th   of 11 Floors,,,,,1 Open,,,None,0 Months,Charges not included,None,5 to 10 Year Old
4500,1,1,Not given,,"Deposit₹ 10,000/-",Carpet area: 400 (37.16 sq.m.)  sq.ft.,Unfurnished,Family Only," in Shivachatra, Mauli colony no.9, Ganganagar, Phursungi., , Pune, Maharashtra",Ground of 4 Floors,West,,,,,,,None,0 Months,Charges included,None,1 to 5 Year Old
9000,1,1,Not given,1,"Deposit₹ 15,000/-",Built Up area: 600 (55.74 sq.m.)  sq.ft.,Unfurnished,All," in Dhanori, , Pune, Maharashtra",2nd   of 3 Floors,,,,,,,,None,0 Months,Charges not included,None,5 to 10 Year Old
9500,1,1,Not given,1,"Deposit₹ 20,000/-",Built Up area: 500 (46.45 sq.m.)  sq.ft.,Semifurnished,Family Only," in New Sanghvi, , Pune, Maharashtra",,,,,,,,,None,0 Months,Charges included,None,5 to 10 Year Old
6000,1,1,Not given,1,"Deposit₹ 15,000/-",Built Up area: 625 (58.06 sq.m.)  sq.ft.,Unfurnished,Bachelors (Women Only)," in Ambegaon Pathar, , Pune, Maharashtra",,,,,,,,,None,0 Months,Charges not included,None,1 to 5 Year Old
"15,000",2,2,"Pooja Room,Study Room",1,"Deposit₹ 20,000/-",Plot area 3000(278.71 sq.m.)Built Up area: 1300 sq.ft. (120.77 sq.m.)  sq.ft.,Unfurnished,Family Only," in Swaraj Bunglow, Uruli Devachi, , Pune, Maharashtra",,East,Marble,,,2 Open,,,11 Months,1 Months,Charges not included,None,0 to 1 Year Old
7500,1,1,Not given,1,,Super Built up area 400(37.16 sq.m.)  sq.ft.,Unfurnished,All," in On req, Thergaon, , Pune, Maharashtra",1st   of 1 Floors,East,,,,1 Covered,,,None,0 Months,Charges included,None,0 to 1 Year Old
6000,1,1,Not given,1,"Deposit₹ 10,000/-",Carpet area: 350 (32.52 sq.m.)  sq.ft.,Semifurnished,All," in Shantanu Nivas , No Limits Fitness Gym, Vadgaon Sheri, , Pune, Maharashtra",3rd   of 3 Floors,West,Marble,Yes,,"1 Covered, 1 Open",,Yes,12 Months,6 Months,Charges not included,None,0 to 1 Year Old
"15,500",2,2,Not given,1,"Deposit₹ 40,000/-",Super Built up area 1150(106.84 sq.m.)Carpet area: 750 sq.ft. (69.68 sq.m.)  sq.ft.,Semifurnished,All," in Mittal Pebbles High Mont, Hinjewadi, , Pune, Maharashtra",22nd   of 22 Floors,South-West,Vitrified,Yes,,"1 Covered, 1 Open",Yes,Yes,11 Months,1 Months,Charges not included,Partial,0 to 1 Year Old
,,,Not given,0,,None,,None,,,,,,,,,,,,,,
"16,500",2,2,Not given,1,"Maintenance₹ 1,200/- (/ month)Deposit₹ 40,000/-",Super Built up area 950(88.26 sq.m.)Built Up area: 900 sq.ft. (83.61 sq.m.)Carpet area: 800 sq.ft. (74.32 sq.m.)  sq.ft.,Unfurnished,All," in Aryan Residency, Vishal Nagar, , Pune, Maharashtra",3rd   of 4 Floors,East,Vitrified,,,"1 Covered,  Open",,,12 Months,1 Months,Charges not included,None,5 to 10 Year Old
6500,1,1,Not given,1,"Maintenance₹ 800/- (/ month)Deposit₹ 15,000/-",Carpet area: 560 (52.03 sq.m.)  sq.ft.,Unfurnished,All," in Shankar Suman Heights, Bekrai Nagar, , Pune, Maharashtra",5th   of 5 Floors,East,Vitrified,Yes,,,Yes,,11 Months,1 Months,Charges not included,Partial,5 to 10 Year Old
"13,500",1,1,Study Room,2,"Deposit₹ 25,000/-",Built Up area: 550 (51.1 sq.m.)  sq.ft.,Furnished,All," in Chandrarang Complex, Ram Nagar, , Pune, Maharashtra",1st   of 3 Floors,West,Spartex,Yes,,"2 Covered, 1 Open",,,11 Months,1 Months,Charges not included,Partial,5 to 10 Year Old
"10,000",1,1,Not given,1,"Deposit₹ 20,000/-",Carpet area: 550 (51.1 sq.m.)  sq.ft.,Semifurnished,"Family , Bachelors (Women Only)"," in Vadgaon Sheri, , Pune, Maharashtra",3rd   of 4 Floors,East,Vitrified,,,"1 Covered, 2 Open",,,36 Months,1 Months,Charges not included,None,0 to 1 Year Old
"21,000",2,2,Not given,2,"Deposit₹ 80,000/-",Super Built up area 1288(119.66 sq.m.)  sq.ft.,Semifurnished,Family Only," in Karan Celista, Laxmi Nagar, , Pune, Maharashtra",2nd   of 9 Floors,East,Vitrified,,,1 Covered,,,11 Months,2 Months,Charges not included,None,5 to 10 Year Old
7500,1,1,Not given,1,"Deposit₹ 15,000/-",Carpet area: 400 (37.16 sq.m.)  sq.ft.,Semifurnished,All," in Bhimashankar colony, Pimple Gurav, , Pune, Maharashtra",2nd   of 2 Floors,,,,,1 Open,,,12 Months,1 Months,Charges not included,None,10+ Year Old
"20,000",1,1,Not given,,Deposit2 months rent,Carpet area: 500 (46.45 sq.m.)  sq.ft.,Semifurnished,All," in Nav Maharashtra Niketan Phase 1, Shaniwar Peth, , Pune, Maharashtra",2nd   of 3 Floors,,Vitrified,,," Covered, 2 Open",,,None,0 Months,Charges not included,None,5 to 10 Year Old
4000,1,1,Not given,1,"Deposit₹ 10,000/-",Built Up area: 400 (37.16 sq.m.)Carpet area: 385 sq.ft. (35.77 sq.m.)  sq.ft.,Unfurnished,All," in Gondhale Nagar, , Pune, Maharashtra",,East,Vitrified,,,,,,None,0 Months,Charges not included,None,10+ Year Old
8500,1,1,Not given,1,,Super Built up area 600(55.74 sq.m.)  sq.ft.,Unfurnished,Family Only," in Shivtej nagar, Talawade, , Pune, Maharashtra",2nd   of 2 Floors,South,,,,1 Open,,,None,0 Months,Charges included,None,1 to 5 Year Old
"16,000",2,2,Store Room,,"Deposit₹ 40,000/-",Built Up area: 1000 (92.9 sq.m.)  sq.ft.,Semifurnished,All," in Keshav Nagar, , Pune, Maharashtra",Ground of 3 Floors,East,,,,1 Open,,,None,0 Months,Charges not included,None,1 to 5 Year Old
6000,1,1,Not given,1,"Deposit₹ 20,000/-",Built Up area: 250 (23.23 sq.m.)  sq.ft.,Unfurnished,Family Only," in Gokul Nagar, , Pune, Maharashtra",1st   of 2 Floors,,,,,,,,None,0 Months,Charges not included,None,10+ Year Old
"10,000",1,1,Not given,1,"Deposit₹ 25,000/-",Built Up area: 540 (50.17 sq.m.)  sq.ft.,Unfurnished,All," in Katraj, , Pune, Maharashtra",4th   of 5 Floors,,,,,,,,None,0 Months,Charges not included,None,0 to 1 Year Old
"30,000",2,2,Not given,1,"Deposit₹ 150,000/-",Carpet area: 1000 (92.9 sq.m.)  sq.ft.,Semifurnished,All," in Wakad, , Pune, Maharashtra",3rd   of 3 Floors,South,Spartex,,,,,,11 Months,3 Months,Charges not included,None,1 to 5 Year Old
9000,1,1,Not given,2,"Deposit₹ 25,000/-",Super Built up area 523(48.59 sq.m.)  sq.ft.,Unfurnished,Family Only," in Ram Green Hive, Phursungi, , Pune, Maharashtra",3rd   of 9 Floors,North-East,Vitrified,Yes,,"1 Covered, 0 Open",,,None,0 Months,Charges included,Full,5 to 10 Year Old
"14,500",1,1,Not given,,Deposit2 months rent,Carpet area: 550 (51.1 sq.m.)  sq.ft.,Unfurnished,All," in Ram Sita Apartment, Mandai, , Pune, Maharashtra",1st   of 4 Floors,,,,,,,,None,0 Months,Charges not included,None,10+ Year Old
6500,1,1,Servant Room,,"Deposit₹ 13,000/-",Super Built up area 375(34.84 sq.m.)Built Up area: 350 sq.ft. (32.52 sq.m.)Carpet area: 325 sq.ft. (30.19 sq.m.)  sq.ft.,Unfurnished,"Family , Bachelors (Men Only)"," in on request, Tingre Nagar, , Pune, Maharashtra",Ground of 2 Floors,South,,Yes,,"3 Covered, 3 Open",,,11 Months,1 Months,Charges not included,None,0 to 1 Year Old
7000,1,1,Not given,,,Carpet area: 600 (55.74 sq.m.)  sq.ft.,Unfurnished,All," in Torana sahakari , Dhayari, , Pune, Maharashtra",4th   of 4 Floors,,,,,1 Covered,,,None,0 Months,Charges included,None,10+ Year Old
"14,000",2,2,Not given,1,"Deposit₹ 40,000/-",Super Built up area 750(69.68 sq.m.)  sq.ft.,Unfurnished,All," in Green Acres Residency , Upper Indira Nagar, , Pune, Maharashtra",3rd   of 5 Floors,,,,,,,,None,0 Months,Charges not included,None,10+ Year Old
"21,500",2,2,Not given,1,"Deposit₹ 70,000/-",Carpet area: 875 (81.29 sq.m.)  sq.ft.,Furnished,Bachelors (Men Only)," in JP Paradise, Wadgaon Sheri, , Pune, Maharashtra",2nd   of 3 Floors,East,Concrete,Yes,,1 Covered,,,12 Months,1 Months,Charges not included,Full,5 to 10 Year Old
"14,000",1,1,Not given,1,"Deposit₹ 40,000/-",Super Built up area 550(51.1 sq.m.)  sq.ft.,Unfurnished,All," in Pawar Maple Leaf, Hadapsar, , Pune, Maharashtra",3rd   of 3 Floors,West,,,Yes,,,,11 Months,0 Months,Charges included,None,5 to 10 Year Old
"14,000",2,2,Others,2,"Deposit₹ 30,000/-",Super Built up area 900(83.61 sq.m.)Carpet area: 759 sq.ft. (70.51 sq.m.)  sq.ft.,Unfurnished,All," in Panama Silver Stone, Handewadi, , Pune, Maharashtra",2nd   of 15 Floors,North-East,Ceramic,Yes,,2 Covered,Yes,Yes,11 Months,2 Months,Charges not included,Full,1 to 5 Year Old
"10,500",1,1,Not given,1,"Deposit₹ 25,000/-",Built Up area: 500 (46.45 sq.m.)  sq.ft.,Unfurnished,"Family , Bachelors (Women Only)"," in Rahatani, , Pune, Maharashtra",1st   of 2 Floors,South-West,,,,,,,None,0 Months,Charges not included,None,0 to 1 Year Old
8000,1,1,Not given,1,"Deposit₹ 20,000/-",Built Up area: 550 (51.1 sq.m.)  sq.ft.,Unfurnished,All," in Phursungi, , Pune, Maharashtra",2nd   of 4 Floors,West,,,,,,,None,0 Months,Charges not included,None,5 to 10 Year Old
"25,000",2,2,Not given,2,Deposit3 months rent,Super Built up area 1100(102.19 sq.m.)  sq.ft.,Furnished,Family Only," in Shree Laxmi Classic, Laxmi Vihar, , Pune, Maharashtra",4th   of 5 Floors,,,,,1 Covered,,,None,0 Months,Charges not included,None,10+ Year Old
"20,000",1,1,Not given,,"Maintenance₹ 300/- (/ month)Deposit₹ 50,000/-",Super Built up area 700(65.03 sq.m.)  sq.ft.,Unfurnished,Family Only," in Vishnu Saraswati Apartment, Sadashiv Peth, , Pune, Maharashtra",3rd   of 4 Floors,,,Yes,,,,,None,0 Months,Charges not included,None,1 to 5 Year Old
,,,Not given,0,,None,,None,,,,,,,,,,,,,,
"10,000",1,1,Not given,1,"Deposit₹ 20,000/-",Carpet area: 650 (60.39 sq.m.)  sq.ft.,Unfurnished,"Family , Bachelors (Women Only)"," in Sadguru krupa, Pimple Saudagar, , Pune, Maharashtra",2nd   of 2 Floors,North-West,Marble,Yes,,1 Open,,,11 Months,1 Months,Charges not included,None,1 to 5 Year Old
"26,000",3,2,Not given,1,"Deposit₹ 100,000/-",Carpet area: 15000 (1393.55 sq.m.)  sq.ft.,Furnished,Family Only," in Vasupujya Kesari Sadan, Premnagar, , Pune, Maharashtra",4th   of 4 Floors,,,Yes,,"2 Covered,  Open",,,11 Months,3 Months,Charges not included,None,10+ Year Old
"16,500",2,2,Not given,1,,Carpet area: 811 (75.34 sq.m.)  sq.ft.,Unfurnished,Family Only," in Mittal Arc Vista, Dhanori, , Pune, Maharashtra",6th   of 10 Floors,,,,,1 Covered,,,None,0 Months,Charges included,None,1 to 5 Year Old
"18,000",2,2,Not given,2,,Carpet area: 800 (74.32 sq.m.)  sq.ft.,Semifurnished,All," in Tirupati Campus Phase 2, Tingre Nagar, , Pune, Maharashtra",1st   of 5 Floors,North,,,,1 Open,,,11 Months,1 Months,Charges not included,None,10+ Year Old
"12,000",1,1,Not given,1,,Carpet area: 450 (41.81 sq.m.)  sq.ft.,Semifurnished,Family Only," in Wadgaonsheri, , Pune, Maharashtra",3rd   of 3 Floors,,Ceramic,,,1 Covered,,,None,1 Months,Charges included,None,1 to 5 Year Old
7000,2,1,Not given,1,,Super Built up area 790(73.39 sq.m.)  sq.ft.,Unfurnished,All," in Aapla Ghar Ranjangaon, Ranjangaon, , Pune, Maharashtra",2nd   of 4 Floors,,,,,1 Open,,,None,1 Months,Charges included,None,1 to 5 Year Old
7200,1,1,Others,,"Deposit₹ 15,000/-",Plot area 500(46.45 sq.m.)  sq.ft.,Semifurnished,All," in Chandan Nagar, , Pune, Maharashtra",,North-East,Granite,Yes,," Covered,  Open",Yes,Yes,11 Months,1 Months,Charges not included,None,0 to 1 Year Old
"12,000",2,2,Not given,1,"Deposit₹ 25,000/-",Super Built up area 1200(111.48 sq.m.)Built Up area: 1000 sq.ft. (92.9 sq.m.)Carpet area: 750 sq.ft. (69.68 sq.m.)  sq.ft.,Unfurnished,Family Only," in RPS Heritage, Wagholi, , Pune, Maharashtra",4th   of 10 Floors,East,Granite,,,1 Open,,,11 Months,2 Months,Charges not included,Partial,0 to 1 Year Old
"31,000",3,2,Not given,2,Deposit3 months rent,Super Built up area 1498(139.17 sq.m.)  sq.ft.,Semifurnished,All," in Silver Oak Apartment, B.T Kawade Road, , Pune, Maharashtra",2nd   of 5 Floors,,,,,1 Covered,,,None,0 Months,Charges not included,None,5 to 10 Year Old
"25,000",2,2,Not given,,"Deposit₹ 60,000/-",Carpet area: 950 (88.26 sq.m.)  sq.ft.,Semifurnished,All," in anjana residency, adwait nagar, , Pune, Maharashtra",2nd   of 5 Floors,,,,,1 Covered,,,None,0 Months,Charges not included,None,10+ Year Old
"16,000",2,2,Not given,2,"Deposit₹ 30,000/-",Carpet area: 860 (79.9 sq.m.)  sq.ft.,Semifurnished,"Family , Bachelors (Men Only)"," in Madhur complex, Chikhali, , Pune, Maharashtra",2nd   of 4 Floors,North,Vitrified,Yes,,1 Covered,,,11 Months,1 Months,Charges not included,None,5 to 10 Year Old
"11,000",1,1,Not given,2,,Plot area 1000(92.9 sq.m.)  sq.ft.,Unfurnished,All," in Rajmata Jijau Colony, , Pune, Maharashtra",,North,,Yes,,1 Covered,,,None,1 Months,Charges not included,None,1 to 5 Year Old
"13,000",1,1,Not given,1,"Deposit₹ 40,000/-",Carpet area: 600 (55.74 sq.m.)  sq.ft.,Unfurnished,Family Only," in Sukhwani Campus Orchid Housing Society, Vallabhnagar Pimpri Pune, , Pune, Maharashtra",1st   of 6 Floors,East,Vitrified,Yes,," Covered,  Open",,,11 Months,1 Months,Charges included,Partial,10+ Year Old
9000,1,1,Others,,,Carpet area: 500 (46.45 sq.m.)  sq.ft.,Unfurnished,All," in Vivek Apartment, Hadapsar, , Pune, Maharashtra",1st   of 4 Floors,,,,,"0 Covered, 1 Open",,,None,2 Months,Charges not included,None,10+ Year Old
"17,000",2,2,Not given,2,"Deposit₹ 40,000/-",Built Up area: 1100 (102.19 sq.m.)  sq.ft.,Semifurnished,All," in On, Shankar Kalat Nagar, , Pune, Maharashtra",1st   of 4 Floors,South-East,,,,,,,None,0 Months,Charges not included,None,5 to 10 Year Old
9000,2,1,Not given,,"Deposit₹ 22,000/-",Super Built up area 1000(92.9 sq.m.)  sq.ft.,Furnished,Bachelors (Men Only)," in sai sahnkul, Wagholi, , Pune, Maharashtra",1st   of 4 Floors,North-East,,Yes,,"1 Covered, 0 Open",,,None,0 Months,Charges not included,None,1 to 5 Year Old
"10,000",1,1,Others,1,"Deposit₹ 30,000/-",Plot area 1100(102.19 sq.m.)Built Up area: 1000 sq.ft. (92.9 sq.m.)Carpet area: 750 sq.ft. (69.68 sq.m.)  sq.ft.,Unfurnished,Family Only," in Warje, , Pune, Maharashtra",,South-West,Marble,,,1 Covered,,,None,0 Months,Charges not included,Full,1 to 5 Year Old
"11,000",1,1,Not given,1,"Deposit₹ 30,000/-",Super Built up area 800(74.32 sq.m.)Carpet area: 600 sq.ft. (55.74 sq.m.)  sq.ft.,Furnished,All," in dadasaheb selake apartment, Yashwant nagar, , Pune, Maharashtra",2nd   of 2 Floors,South-West,,Yes,,"1 Covered, 1 Open",,,None,0 Months,Charges not included,None,1 to 5 Year Old
9000,1,2,Not given,1,"Deposit₹ 20,000/-",Super Built up area 680(63.17 sq.m.)Built Up area: 650 sq.ft. (60.39 sq.m.)Carpet area: 550 sq.ft. (51.1 sq.m.)  sq.ft.,Furnished,"Family , Bachelors (Women Only)"," in Shanta Heights, Warje, , Pune, Maharashtra",Ground of 4 Floors,North-East,,Yes,,1 Open,,,None,0 Months,Charges not included,None,5 to 10 Year Old
"15,000",1,1,Not given,1,,Built Up area: 640 (59.46 sq.m.)Carpet area: 580 sq.ft. (53.88 sq.m.)  sq.ft.,Semifurnished,Family Only," in Swar Gate, , Pune, Maharashtra",2nd   of 3 Floors,East,,,,1 Open,,,None,0 Months,Charges not included,None,10+ Year Old
"18,000",2,2,Not given,1,"Deposit₹ 50,000/-",Built Up area: 1440 (133.78 sq.m.)  sq.ft.,Unfurnished,Family Only," in Pradhikaran, , Pune, Maharashtra",2nd   of 3 Floors,,,,,,,,None,0 Months,Charges not included,None,5 to 10 Year Old
"10,000",1,1,Not given,1,"Deposit₹ 20,000/-",Built Up area: 550 (51.1 sq.m.)  sq.ft.,Semifurnished,All," in Magarpatta, , Pune, Maharashtra",1st   of 3 Floors,,,,,,,,None,0 Months,Charges not included,None,5 to 10 Year Old
"12,001",1,1,Pooja Room,1,,Super Built up area 694(64.47 sq.m.)  sq.ft.,Semifurnished,Family Only," in Behede Shivthirthnagar Apartment, Kalewadi, , Pune, Maharashtra",3rd   of 6 Floors,North-East,Vitrified,Yes,,"1 Covered, 1 Open",,,11 Months,1 Months,Charges not included,Partial,10+ Year Old
5000,1,1,Not given,,,Carpet area: 250 (23.23 sq.m.)  sq.ft.,Unfurnished,All," in Dive's house, lane no. 11,swami samarth nagar , sathe wasti , lohegoan, pune 411047., , Pune, Maharashtra",1st   of 2 Floors,,Others,,," Covered, 2 Open",,Yes,12 Months,0 Months,Charges not included,None,1 to 5 Year Old
"50,000",3,4,Store Room,2,Deposit3 months rent,Carpet area: 2100 (195.1 sq.m.)  sq.ft.,Furnished,All," in Tata Housing Blue Hills, Yerwada, , Pune, Maharashtra",2nd   of 7 Floors,,Polished concrete,Yes,,1 Covered,Yes,Yes,11 Months,2 Months,Charges not included,Full,10+ Year Old
,,,Not given,0,,None,,None,,,,,,,,,,,,,,
"50,000",3,4,Store Room,2,Deposit3 months rent,Carpet area: 2100 (195.1 sq.m.)  sq.ft.,Furnished,All," in Tata Housing Blue Hills, Yerwada, , Pune, Maharashtra",2nd   of 7 Floors,,Polished concrete,Yes,,1 Covered,Yes,Yes,11 Months,2 Months,Charges not included,Full,10+ Year Old
8400,1,1,Not given,1,,Super Built up area 520(48.31 sq.m.)  sq.ft.,Furnished,All," in Ashtavinayak palace, Pimple Gurav, , Pune, Maharashtra",3rd   of 3 Floors,North,,Yes,,"0 Covered, 0 Open",,,None,0 Months,Charges included,None,5 to 10 Year Old
"16,000",1,2,Not given,,"Deposit₹ 20,000/-",Carpet area: 480 (44.59 sq.m.)  sq.ft.,Unfurnished,All," in Gokhale Nagar, , Pune, Maharashtra",Ground of 3 Floors,South,Vitrified,,Yes,1 Covered,,,12 Months,1 Months,Charges not included,None,0 to 1 Year Old
"10,000",1,1,Not given,1,"Deposit₹ 5,000/-",Built Up area: 520 (48.31 sq.m.)  sq.ft.,Semifurnished,All," in on req, Pimple Gurav, , Pune, Maharashtra",4th   of 4 Floors,North,,,,,,,None,0 Months,Charges not included,None,5 to 10 Year Old
9000,1,1,Not given,1,,Built Up area: 650 (60.39 sq.m.)  sq.ft.,Unfurnished,All," in Sasane Nagar, , Pune, Maharashtra",,East,,,,"2 Covered, 1 Open",,,None,0 Months,Charges not included,None,1 to 5 Year Old
7500,1,1,Not given,1,"Maintenance₹ 150/- (/ month)Deposit₹ 15,000/-",Plot area 2000(185.81 sq.m.)Built Up area: 1400 sq.ft. (130.06 sq.m.)Carpet area: 1200 sq.ft. (111.48 sq.m.)  sq.ft.,Semifurnished,All," in Kalwad Wasti, , Pune, Maharashtra",,South-East,Vitrified,,,"0 Covered, 1 Open",,,11 Months,1 Months,Charges not included,None,0 to 1 Year Old
8000,1,1,Not given,1,Deposit2 months rent,Built Up area: 550 (51.1 sq.m.)  sq.ft.,Semifurnished,All," in Mundhwa, , Pune, Maharashtra",,,,,,,,,None,0 Months,Charges not included,None,1 to 5 Year Old
"16,000",1,1,Not given,1,,Carpet area: 550 (51.1 sq.m.)  sq.ft.,Semifurnished,"Family , Bachelors (Men Only)"," in Darshan Apartments kot, Mrutyunjay Colony, , Pune, Maharashtra",1st   of 3 Floors,,Granite,,,,,,12 Months,1 Months,Charges not included,Partial,10+ Year Old
9000,2,2,Others,1,"Maintenance₹ 1,000/- (/ month)Deposit₹ 20,000/-",Super Built up area 818(75.99 sq.m.)  sq.ft.,Semifurnished,All," in Majestique Vanalika, Pirangut, , Pune, Maharashtra",5th   of 12 Floors,East,,Yes,Yes,"1 Covered, 0 Open",,,11 Months,1 Months,Charges not included,Partial,0 to 1 Year Old
"15,500",2,2,Not given,,Deposit3 months rent,Built Up area: 1000 (92.9 sq.m.)  sq.ft.,Semifurnished,Bachelors (Men/Women)," in Shri Jagdamba CHS, Wadgaon Sheri, , Pune, Maharashtra",Ground of 3 Floors,,,Yes,,1 Open,,,None,0 Months,Charges not included,None,10+ Year Old
"11,000",1,1,Not given,,"Deposit₹ 22,000/-",Carpet area: 600 (55.74 sq.m.)  sq.ft.,Unfurnished,Family Only," in Shriram Complex, Nehru Nagar, Pimpri, , Pune, Maharashtra",3rd   of 3 Floors,North,Mosaic,Yes,,,,,11 Months,1 Months,Charges not included,None,10+ Year Old
6800,1,1,Not given,2,"Deposit₹ 7,000/-",Carpet area: 627 (58.25 sq.m.)  sq.ft.,Unfurnished,All," in Sainik Apartment, loni kalbhor, Ghorpade Wasti, , Pune, Maharashtra",2nd   of 5 Floors,North,Vitrified,,Yes,"1 Covered, 1 Open",Yes,Yes,11 Months,0 Months,Charges not included,None,0 to 1 Year Old
"15,000",2,3,Not given,3,"Maintenance₹ 13,080/- (/ year)Deposit6 months rent",Built Up area: 1028 (95.5 sq.m.)  sq.ft.,Unfurnished,Family Only," in Suryodaya Apartment, Pimple Nilakh, , Pune, Maharashtra",3rd   of 4 Floors,,,,,"1 Covered,  Open",,,None,1 Months,Charges not included,None,10+ Year Old
7000,1,1,Pooja Room,1,Deposit3 months rent,Carpet area: 500 (46.45 sq.m.)  sq.ft.,Unfurnished,Family Only," in Sonai Niwas, Dhanori, , Pune, Maharashtra",1st   of 1 Floors,North,Marble,Yes,,1 Open,,,12 Months,1 Months,Charges not included,Partial,1 to 5 Year Old
"13,000",1,1,Not given,,"Maintenance₹ 500/- (/ month)Deposit₹ 50,000/-",Carpet area: 600 (55.74 sq.m.)  sq.ft.,Unfurnished,Family Only," in Parvati Paytha, , Pune, Maharashtra",1st   of 3 Floors,West,Ceramic,Yes,,1 Open,,,11 Months,2 Months,Charges not included,None,1 to 5 Year Old
"10,000",1,1,Not given,1,"Deposit₹ 25,000/-",Plot area 700(65.03 sq.m.)  sq.ft.,Semifurnished,Family Only," in Bhosari, , Pune, Maharashtra",,,,,," Covered,  Open",,,11 Months,1 Months,Charges not included,None,1 to 5 Year Old
"13,000",2,2,Not given,2,"Deposit₹ 30,000/-",Super Built up area 850(78.97 sq.m.)Carpet area: 632 sq.ft. (58.71 sq.m.)  sq.ft.,Semifurnished,Family Only," in Viva Sarovar, Jambhulwadi, , Pune, Maharashtra",5th   of 7 Floors,East,Vitrified,Yes,,"1 Covered,  Open",,,11 Months,0 Months,Charges not included,Partial,1 to 5 Year Old
9000,1,1,Not given,2,"Deposit₹ 30,000/-",Built Up area: 657 (61.04 sq.m.)  sq.ft.,Unfurnished,Family Only," in Sarthak Keshar, Wagholi, , Pune, Maharashtra",4th   of 4 Floors,South,Others,Yes,,,,,11 Months,1 Months,Charges included,Partial,1 to 5 Year Old
"11,500",1,1,Not given,1,Deposit11 months rent,Carpet area: 600 (55.74 sq.m.)  sq.ft.,Unfurnished,"Family , Bachelors (Women Only)"," in Greenaria Icon, Renuka Nagar, , Pune, Maharashtra",1st   of 4 Floors,East,Granite,Yes,," Covered,  Open",,,11 Months,2 Months,Charges not included,Partial,5 to 10 Year Old
"20,000",2,2,Not given,1,"Deposit₹ 50,000/-",Carpet area: 950 (88.26 sq.m.)  sq.ft.,Semifurnished,All," in JK Sahadeo Avenue, Someshwarwadi, , Pune, Maharashtra",3rd   of 5 Floors,East,,Yes,,1 Covered,,,11 Months,1 Months,Charges not included,None,10+ Year Old
"10,000",1,1,Not given,1,,Carpet area: 1000 (92.9 sq.m.)  sq.ft.,Unfurnished,Family Only," in Five star society dhankawdi last bus stop, Dhankawdi, , Pune, Maharashtra",1st   of 5 Floors,East,Mosaic,,,,,Yes,11 Months,1 Months,Charges not included,None,1 to 5 Year Old
"14,500",1,1,Not given,1,"Deposit₹ 35,000/-",Super Built up area 750(69.68 sq.m.)Built Up area: 700 sq.ft. (65.03 sq.m.)Carpet area: 600 sq.ft. (55.74 sq.m.)  sq.ft.,Unfurnished,All," in Hrunanubandh Park 1, Old Sangvi, , Pune, Maharashtra",Ground of 4 Floors,South,Ceramic,,,1 Covered,,,11 Months,1 Months,Charges not included,None,10+ Year Old
9000,1,1,"Study Room,Store Room,Pooja Room",1,"Deposit₹ 20,000/-",Plot area 1000(92.9 sq.m.)Built Up area: 500 sq.ft. (46.45 sq.m.)  sq.ft.,Unfurnished,"Family , Bachelors (Women Only)"," in Fursungi Gaon, , Pune, Maharashtra",,East,Polished concrete,Yes,,"1 Covered, 1 Open",,,12 Months,1 Months,Charges not included,None,5 to 10 Year Old
8000,1,1,Not given,1,"Maintenance₹ 1,500/- (/ month)Deposit₹ 25,000/-",Built Up area: 636 (59.09 sq.m.)Carpet area: 580 sq.ft. (53.88 sq.m.)  sq.ft.,Unfurnished,Family Only," in Saikunj Housing Society, Mamurdi, Dehuroad CB, , Pune, Maharashtra",4th   of 5 Floors,,Marble,Yes,,1 Open,,,None,0 Months,Charges not included,Full,0 to 1 Year Old
4000,,,Others,0,"Deposit₹ 10,000/-",Plot area 320(29.73 sq.m.)  sq.ft.,Unfurnished,"Family , Bachelors (Women Only)"," in Yojana Nagar, , Pune, Maharashtra",Ground of 0 Floors,,,,,,,,None,0 Months,Charges not included,None,1 to 5 Year Old
,,,Not given,0,,None,,None,,,,,,,,,,,,,,
5000,,,Not given,0,"Deposit₹ 20,000/-",Plot area 400(37.16 sq.m.)  sq.ft.,Unfurnished,Family Only," in Jeeven Dhara nagar Dhankawadi , Pratibha Nagar, , Pune, Maharashtra",Basement of 2 Floors,West,Ceramic,,,,,,11 Months,1 Months,Charges included,None,5 to 10 Year Old
7000,1,1,Not given,1,,Super Built up area 700(65.03 sq.m.)Built Up area: 650 sq.ft. (60.39 sq.m.)Carpet area: 550 sq.ft. (51.1 sq.m.)  sq.ft.,Unfurnished,Family Only," in Manjari Budruk, , Pune, Maharashtra",2nd   of 2 Floors,North,Vitrified,,,,,,None,0 Months,Charges not included,None,1 to 5 Year Old
4500,1,1,Not given,1,"Deposit₹ 10,000/-",Plot area 475(44.13 sq.m.)  sq.ft.,Unfurnished,All," in Manjari Budruk, , Pune, Maharashtra",,,,,,1 Covered,,,None,0 Months,Charges included,None,0 to 1 Year Old
"16,000",2,2,Not given,2,"Deposit₹ 45,000/-",Super Built up area 850(78.97 sq.m.)Carpet area: 650 sq.ft. (60.39 sq.m.)  sq.ft.,Semifurnished,Family Only," in Sai Nisarg Park, Wadhwani Construction, Pimple Saudagar, , Pune, Maharashtra",1st   of 4 Floors,,Ceramic,Yes,,,,,11 Months,1 Months,Charges not included,None,10+ Year Old
"22,000",3,3,Not given,1,"Deposit₹ 50,000/-",Built Up area: 1130 (104.98 sq.m.)  sq.ft.,Semifurnished,Family Only," in Oxford Florida Estate, Shankar Nagar, , Pune, Maharashtra",3rd   of 6 Floors,,Vitrified,Yes,,1 Covered,Yes,,24 Months,3 Months,Charges not included,Full,10+ Year Old
"14,000",2,2,Not given,1,,Super Built up area 960(89.19 sq.m.)Carpet area: 616 sq.ft. (57.23 sq.m.)  sq.ft.,Semifurnished,All," in MP 64 Green Meadows, Marunji, , Pune, Maharashtra",8th   of 11 Floors,,,Yes,,1 Open,,,11 Months,1 Months,Charges not included,Partial,1 to 5 Year Old
6000,2,2,Study Room,1,Maintenance₹ 380/- (/ month)Deposit2 months rent,Super Built up area 850(78.97 sq.m.)Built Up area: 800 sq.ft. (74.32 sq.m.)Carpet area: 750 sq.ft. (69.68 sq.m.)  sq.ft.,Furnished,Bachelors (Men Only)," in Gardenia phase-1, Wadgaon Sheri Bus stand, , Pune, Maharashtra",5th   of 6 Floors,North-East,Ceramic,Yes,Yes,"1 Covered, 1 Open",,Yes,11 Months,1 Months,Charges not included,Partial,5 to 10 Year Old
"12,500",2,2,Not given,2,"Deposit₹ 40,000/-",Super Built up area 910(84.54 sq.m.)  sq.ft.,Unfurnished,Family Only," in VALAY TOWNSHIP, Hingane Mala, , Pune, Maharashtra",10th   of 11 Floors,,,Yes,,1 Covered,,,11 Months,1 Months,Charges not included,None,5 to 10 Year Old
"16,000",2,2,Not given,1,Deposit3 months rent,Super Built up area 988(91.79 sq.m.)Carpet area: 760 sq.ft. (70.61 sq.m.)  sq.ft.,Semifurnished,"Family , Bachelors (Women Only)"," in Megapolis Sparklet, Hinjewadi, , Pune, Maharashtra",3rd   of 14 Floors,East,Ceramic,Yes,,1 Covered,,,None,0 Months,Charges not included,Partial,1 to 5 Year Old
8500,1,1,Not given,1,"Deposit₹ 15,000/-",Built Up area: 650 (60.39 sq.m.)  sq.ft.,Unfurnished,Family Only," in Malekar Wadi, , Pune, Maharashtra",,,,,,,,,None,0 Months,Charges not included,None,5 to 10 Year Old
9000,1,1,Not given,2,"Deposit₹ 25,000/-",Built Up area: 650 (60.39 sq.m.)  sq.ft.,Unfurnished,All," in Keshav Complex, Hadapsar, , Pune, Maharashtra",1st   of 4 Floors,,,,,,,,11 Months,2 Months,Charges not included,None,5 to 10 Year Old
"15,000",2,2,Not given,2,"Deposit₹ 50,000/-",Super Built up area 1100(102.19 sq.m.)Built Up area: 950 sq.ft. (88.26 sq.m.)Carpet area: 850 sq.ft. (78.97 sq.m.)  sq.ft.,Unfurnished,Family Only," in Sun Exotica, Undri, , Pune, Maharashtra",2nd   of 10 Floors,North-East,Mosaic,,,1 Covered,,,None,0 Months,Charges included,None,0 to 1 Year Old
"10,000",2,1,Not given,1,Deposit3 months rent,Carpet area: 750 (69.68 sq.m.)  sq.ft.,Furnished,Bachelors (Men/Women)," in Mohar Pratima, Talegaon, , Pune, Maharashtra",2nd   of 12 Floors,West,Vitrified,Yes,,1 Covered,Yes,,12 Months,1 Months,Charges not included,None,1 to 5 Year Old
"21,000",2,1,"Study Room,Pooja Room,Servant Room,Others",1,,Plot area 2000(185.81 sq.m.)  sq.ft.,Semifurnished,All," in Madhukunj panchwati pashan, , Pune, Maharashtra",,West,Ceramic,Yes,,,,,None,0 Months,Charges included,None,5 to 10 Year Old
"23,000",2,2,Pooja Room,3,"Deposit₹ 100,000/-",Super Built up area 1400(130.06 sq.m.)  sq.ft.,Semifurnished,Family Only," in Vasupujya Kesari Sadan, Premnagar, , Pune, Maharashtra",1st   of 4 Floors,,,,,,,,None,0 Months,Charges not included,None,10+ Year Old
"14,000",1,2,Study Room,1,"Deposit₹ 35,000/-",Carpet area: 800 (74.32 sq.m.)  sq.ft.,Semifurnished,Family Only," in Kohinoor Saheels Residency, Pimpri, , Pune, Maharashtra",5th   of 6 Floors,,,,,"1 Covered, 0 Open",,,11 Months,0 Months,Charges not included,None,10+ Year Old
"15,000",2,2,Not given,3,"Maintenance₹ 1,000/- (/ month)Deposit₹ 30,000/-",Built Up area: 950 (88.26 sq.m.)Carpet area: 750 sq.ft. (69.68 sq.m.)  sq.ft.,Semifurnished,All," in Samruddhi Tarangan, Kiwale, , Pune, Maharashtra",5th   of 6 Floors,East,Concrete,Yes,Yes,,,Yes,11 Months,1 Months,Charges not included,None,1 to 5 Year Old
6500,1,1,Not given,,"Deposit₹ 15,000/-",Super Built up area 750(69.68 sq.m.)Built Up area: 600 sq.ft. (55.74 sq.m.)Carpet area: 550 sq.ft. (51.1 sq.m.)  sq.ft.,Unfurnished,All," in Raghoba Patil Nagar, , Pune, Maharashtra",1st   of 3 Floors,,,Yes,,1 Open,,,None,0 Months,Charges not included,None,1 to 5 Year Old
"19,000",2,2,Not given,2,"Deposit₹ 50,000/-",Carpet area: 679 (63.08 sq.m.)  sq.ft.,Furnished,All," in Sonigara Kesar, Kaspate Vasti, , Pune, Maharashtra",1st   of 5 Floors,West,Spartex,Yes,,"1 Covered,  Open",,,12 Months,3 Months,Charges included,Full,5 to 10 Year Old
4500,1,1,Not given,1,"Deposit₹ 10,000/-",Super Built up area 548(50.91 sq.m.)  sq.ft.,Semifurnished,"Family , Bachelors (Men Only)"," in Venkateshwara Silver Nest, Koregaon Bhima, , Pune, Maharashtra",1st   of 4 Floors,,,,,1 Covered,,,None,0 Months,Charges not included,None,5 to 10 Year Old
"17,000",2,2,Not given,2,"Deposit₹ 50,000/-",Super Built up area 1200(111.48 sq.m.)Built Up area: 1100 sq.ft. (102.19 sq.m.)Carpet area: 1000 sq.ft. (92.9 sq.m.)  sq.ft.,Semifurnished,Family Only," in Achal leela khushboo, Vishal Nagar, , Pune, Maharashtra",5th   of 6 Floors,North-East,Marble,Yes,Yes,1 Covered,Yes,Yes,None,0 Months,Charges not included,Partial,5 to 10 Year Old
6500,1,1,Not given,1,"Deposit₹ 12,000/-",Super Built up area 750(69.68 sq.m.)Built Up area: 550 sq.ft. (51.1 sq.m.)Carpet area: 500 sq.ft. (46.45 sq.m.)  sq.ft.,Unfurnished,All," in Raghoba Patil Nagar, , Pune, Maharashtra",1st   of 3 Floors,South-West,,Yes,,1 Open,,,None,0 Months,Charges not included,None,0 to 1 Year Old
"15,500",1,2,Not given,2,"Deposit₹ 45,000/-",Built Up area: 670 (62.25 sq.m.)Carpet area: 550 sq.ft. (51.1 sq.m.)  sq.ft.,Furnished,All," in Shiv Tara Srishti, Keshav Nagar, , Pune, Maharashtra",1st   of 4 Floors,East,,Yes,,1 Covered,,,None,0 Months,Charges not included,Full,1 to 5 Year Old
3000,3,2,Not given,1,"Deposit₹ 8,000/-",Built Up area: 3500 (325.16 sq.m.)Carpet area: 3000 sq.ft. (278.71 sq.m.)  sq.ft.,Semifurnished,Bachelors (Men Only)," in Giridhar Nagar, , Pune, Maharashtra",,North-East,,Yes,,"1 Covered, 1 Open",,,None,0 Months,Charges not included,Partial,5 to 10 Year Old
"25,000",3,3,Not given,1,"Deposit₹ 75,000/-",Super Built up area 983(91.32 sq.m.)  sq.ft.,Semifurnished,Family Only," in triveni chs new mhada, Morwadi, , Pune, Maharashtra",1st   of 13 Floors,East,Vitrified,Yes,,1 Open,Yes,,24 Months,2 Months,Charges not included,Partial,1 to 5 Year Old
,,,Not given,0,,None,,None,,,,,,,,,,,,,,
9000,1,1,Not given,1,,Super Built up area 600(55.74 sq.m.)  sq.ft.,Semifurnished,Family Only," in Munnalal Paradise, Hadapsar, , Pune, Maharashtra",2nd   of 4 Floors,,,,,"0 Covered, 0 Open",,,None,0 Months,Charges included,None,5 to 10 Year Old
"21,500",2,2,Not given,1,Deposit3 months rent,Super Built up area 1070(99.41 sq.m.)Carpet area: 700 sq.ft. (65.03 sq.m.)  sq.ft.,Semifurnished,Family Only," in Ganga Kalash Society, Vishrantwadi, , Pune, Maharashtra",12nd   of 13 Floors,,Vitrified,Yes,,1 Open,,,None,1 Months,Charges not included,Partial,1 to 5 Year Old
6000,1,1,Not given,2,"Deposit₹ 15,000/-",Super Built up area 650(60.39 sq.m.)Built Up area: 623 sq.ft. (57.88 sq.m.)Carpet area: 590 sq.ft. (54.81 sq.m.)  sq.ft.,Unfurnished,"Family , Bachelors (Men Only)"," in Calyx Navyangan, Ghotawade Phata, , Pune, Maharashtra",3rd   of 12 Floors,North,Marble,Yes,,1 Covered,Yes,Yes,11 Months,1 Months,Charges not included,Partial,1 to 5 Year Old
6000,1,1,Not given,,"Maintenance₹ 200/- (/ month)Deposit₹ 15,000/-",Carpet area: 450 (41.81 sq.m.)  sq.ft.,Unfurnished,All," in Balaji Hights  dhankawadi, bharati campus dhankawadi, , Pune, Maharashtra",Ground of 4 Floors,South,Marble,Yes,Yes,1 Covered,,,12 Months,1 Months,Charges included,None,1 to 5 Year Old
7000,1,1,Not given,1,,Plot area 450(41.81 sq.m.)  sq.ft.,Unfurnished,All," in Sri krupa Society Keshavnavar Mundhawa Pune -36, , Pune, Maharashtra",,West,Vitrified,,," Covered,  Open",,,None,1 Months,Charges not included,None,0 to 1 Year Old
"19,000",2,2,Not given,1,"Deposit₹ 50,000/-",Carpet area: 814 (75.62 sq.m.)  sq.ft.,Semifurnished,Family Only," in High Bliss Society, Chinchwad, Behind D Y Patil college, Akurdi, , Pune, Maharashtra",2nd   of 7 Floors,West,Ceramic,Yes,,1 Covered,,,11 Months,2 Months,Charges not included,Partial,5 to 10 Year Old
9000,1,1,Not given,,"Deposit₹ 25,000/-",Carpet area: 700 (65.03 sq.m.)  sq.ft.,Semifurnished,All," in Aakash Society, Thite Nagar, Kharadi, , Pune, Maharashtra",1st   of 3 Floors,East,Marble,,,1 Covered,,,11 Months,0 Months,Charges not included,None,5 to 10 Year Old
"15,000",1,1,Not given,1,"Deposit₹ 50,000/-",Built Up area: 540 (50.17 sq.m.)Carpet area: 500 sq.ft. (46.45 sq.m.)  sq.ft.,Semifurnished,All," in Meera Society, Salisbury Park, , Pune, Maharashtra",3rd   of 3 Floors,South-West,,Yes,,1 Open,,,None,0 Months,Charges included,None,10+ Year Old
"11,000",1,1,Not given,,"Deposit₹ 25,000/-",Plot area 1100(102.19 sq.m.)  sq.ft.,Semifurnished,"Family , Bachelors (Women Only)"," in Chikhali Pune 411062, , Pune, Maharashtra",,West,Spartex,Yes,,"1 Covered, 0 Open",,,12 Months,1 Months,Charges included,None,10+ Year Old
"22,000",2,2,Store Room,2,"Maintenance₹ 2,500/- (/ month)Deposit₹ 65,000/-",Carpet area: 1360 (126.35 sq.m.)  sq.ft.,Unfurnished,Family Only," in Venezia, Pashan-Sus Road, , Pune, Maharashtra",10th   of 10 Floors,,Vitrified,,,1 Covered,,,24 Months,1 Months,Charges not included,None,1 to 5 Year Old
8500,1,1,Not given,1,Maintenance₹ 700/- (/ month)Deposit3 months rent,Built Up area: 520 (48.31 sq.m.)Carpet area: 480 sq.ft. (44.59 sq.m.)  sq.ft.,Unfurnished,Family Only," in Samarth Vihar, Dhayari, , Pune, Maharashtra",2nd   of 6 Floors,North,Marble,Yes,,1 Covered,,Yes,12 Months,1 Months,Charges not included,None,10+ Year Old
"10,500",1,4,Not given,3+,"Deposit₹ 40,000/-",Built Up area: 550 (51.1 sq.m.)  sq.ft.,Semifurnished,Family Only," in D9 Popular Nagar, B14, Building Flat 4, Popular Nagar, Warje, Pune, , Pune, Maharashtra",2nd   of 4 Floors,,,,,,,,11 Months,0 Months,Charges not included,None,5 to 10 Year Old
"16,000",2,2,Not given,2,,Built Up area: 1100 (102.19 sq.m.)  sq.ft.,Unfurnished,All," in Renuka Vrindavan, Ravet, , Pune, Maharashtra",5th   of 7 Floors,,Spartex,Yes,,,,Yes,None,0 Months,Charges included,Partial,5 to 10 Year Old
"12,000",2,1,Not given,1,"Deposit₹ 30,000/-",Super Built up area 780(72.46 sq.m.)  sq.ft.,Semifurnished,All," in Narayani Apartments, Manjari Budruk, , Pune, Maharashtra",3rd   of 4 Floors,West,,Yes,,1 Covered,,,None,0 Months,Charges not included,None,1 to 5 Year Old
"13,000",2,2,Not given,3,"Deposit₹ 25,000/-",Built Up area: 850 (78.97 sq.m.)  sq.ft.,Unfurnished,Family Only," in Babar Solanki Residency, Dighi, , Pune, Maharashtra",1st   of 4 Floors,East,Ceramic,,,1 Covered,,,None,0 Months,Charges not included,None,1 to 5 Year Old
7500,1,1,Not given,1,"Deposit₹ 25,000/-",Carpet area: 525 (48.77 sq.m.)  sq.ft.,Unfurnished,Family Only," in daamsha tower, gulamali nagar , hadapsar, , Pune, Maharashtra",1st   of 5 Floors,East,,Yes,,"1 Covered, 1 Open",,,12 Months,0 Months,Charges included,Partial,0 to 1 Year Old
9000,2,2,Not given,2,"Deposit₹ 20,000/-",Super Built up area 950(88.26 sq.m.)  sq.ft.,Unfurnished,All," in Mantra 24 West, Gahunje, , Pune, Maharashtra",2nd   of 12 Floors,,,,,1 Covered,,,None,0 Months,Charges not included,None,0 to 1 Year Old
5000,1,1,Not given,1,Deposit10 months rent,Super Built up area 480(44.59 sq.m.)  sq.ft.,Unfurnished,All," in Datta Rekha Sankul, Dhayari, , Pune, Maharashtra",1st   of 4 Floors,,,Yes,,1 Open,,,None,0 Months,Charges not included,None,1 to 5 Year Old
"17,000",2,2,Not given,1,Deposit2 months rent,Built Up area: 1120 (104.05 sq.m.)  sq.ft.,Furnished,All," in Pimpri Chinchwad, , Pune, Maharashtra",4th   of 5 Floors,,,,,2 Covered,,,None,0 Months,Charges not included,None,5 to 10 Year Old
"18,000",1,1,Not given,1,"Maintenance₹ 300/- (/ month)Deposit₹ 18,000/-",Super Built up area 600(55.74 sq.m.)Built Up area: 586 sq.ft. (54.44 sq.m.)Carpet area: 486 sq.ft. (45.15 sq.m.)  sq.ft.,Unfurnished,Family Only," in Kunal Market, Akurdi, , Pune, Maharashtra",3rd   of 4 Floors,East,Vitrified,,,1 Open,,,11 Months,1 Months,Charges not included,Partial,5 to 10 Year Old
7500,2,1,Study Room,1,"Maintenance₹ 850/- (/ month)Deposit₹ 25,000/-",Carpet area: 942 (87.51 sq.m.)  sq.ft.,Semifurnished,Family Only," in Sagar Residency, Bhekrai Nagar, , Pune, Maharashtra",4th   of 5 Floors,East,Vitrified,,,,,,11 Months,1 Months,Charges not included,None,5 to 10 Year Old
"22,000",2,2,Not given,,Deposit Value₹ NaN/-,Built Up area: 1000 (92.9 sq.m.)  sq.ft.,Unfurnished,None," in Wagholi, , Pune, Maharashtra",3rd   of 11 Floors,,,,,,,,None,0 Months,Charges included,None,0 to 1 Year Old
"12,000",1,1,Not given,1,"Deposit₹ 50,000/-",Carpet area: 487 (45.24 sq.m.)  sq.ft.,Semifurnished,All," in ARV New Town, Undri, , Pune, Maharashtra",7th   of 11 Floors,East,Spartex,Yes,," Covered, 1 Open",,,11 Months,1 Months,Charges not included,Partial,0 to 1 Year Old
"15,000",1,1,Not given,1,"Deposit₹ 30,000/-",Carpet area: 600 (55.74 sq.m.)  sq.ft.,Unfurnished,All," in Prudentia  B  Building Mhada, dutta mandir road, , Pune, Maharashtra",5th   of 5 Floors,,Marble,Yes,Yes,"1 Covered, 1 Open",,,11 Months,2 Months,Charges not included,None,1 to 5 Year Old
5500,1,1,Not given,1,,Built Up area: 565 (52.49 sq.m.)  sq.ft.,Unfurnished,Family Only," in Phursungi, , Pune, Maharashtra",5th   of 6 Floors,,,,,,,,None,0 Months,Charges not included,None,5 to 10 Year Old
,,,Not given,0,,None,,None,,,,,,,,,,,,,,
7500,1,1,Not given,1,"Deposit₹ 15,000/-",Carpet area: 580 (53.88 sq.m.)  sq.ft.,Unfurnished,Family Only," in Atharva Residency, Phursungi, , Pune, Maharashtra",2nd   of 5 Floors,,,,,1 Covered,,,None,0 Months,Charges not included,Full,5 to 10 Year Old
"22,000",2,2,Not given,2,"Maintenance₹ 1,200/- (/ month)Deposit₹ 25,000/-",Super Built up area 1075(99.87 sq.m.)Built Up area: 1055 sq.ft. (98.01 sq.m.)Carpet area: 800 sq.ft. (74.32 sq.m.)  sq.ft.,Furnished,Bachelors (Men/Women)," in Jeevan Upvan, Pradhikaran, , Pune, Maharashtra",3rd   of 7 Floors,North,Ceramic,Yes,,1 Covered,,,None,0 Months,Charges included,None,1 to 5 Year Old
"22,000",2,2,Study Room,2,"Deposit₹ 60,000/-",Carpet area: 950 (88.26 sq.m.)  sq.ft.,Semifurnished,All," in Tanishq Apartment Yerwada, Yerwada, , Pune, Maharashtra",2nd   of 4 Floors,North-East,Vitrified,Yes,Yes,1 Covered,Yes,Yes,None,1 Months,Charges not included,Full,1 to 5 Year Old
5500,1,1,Not given,,Deposit2 months rent,Built Up area: 320 (29.73 sq.m.)  sq.ft.,Unfurnished,Family Only," in Ambegaon Pathar, , Pune, Maharashtra",Ground of 3 Floors,South-West,,,,,,,None,0 Months,Charges not included,None,10+ Year Old
7000,1,1,Not given,1,"Deposit₹ 25,000/-",Built Up area: 500 (46.45 sq.m.)  sq.ft.,Unfurnished,Family Only," in Hadapsar, , Pune, Maharashtra",1st   of 2 Floors,,,,,,,,None,0 Months,Charges not included,None,1 to 5 Year Old
"17,000",3,2,Not given,1,"Deposit₹ 50,000/-",Built Up area: 1130 (104.98 sq.m.)  sq.ft.,Unfurnished,All," in Rama Air Castles, Marunji, , Pune, Maharashtra",6th   of 8 Floors,,Vitrified,Yes,,1 Covered,,,None,0 Months,Charges included,None,0 to 1 Year Old
"10,000",1,1,Not given,2,"Deposit₹ 20,000/-",Carpet area: 460 (42.74 sq.m.)  sq.ft.,Unfurnished,All," in Shubh Spring Valley, Alandi Road, , Pune, Maharashtra",10th   of 12 Floors,East,Marble,Yes,,1 Covered,,Yes,11 Months,0 Months,Charges included,None,0 to 1 Year Old
8000,1,1,Not given,1,Deposit2 months rent,Plot area 750(69.68 sq.m.)  sq.ft.,Unfurnished,"Family , Bachelors (Men Only)"," in Siddartha Nagar, , Pune, Maharashtra",,East,Vitrified,,,1 Covered,,Yes,12 Months,1 Months,Charges not included,None,0 to 1 Year Old
"22,000",2,2,Not given,2,"Deposit₹ 100,000/-",Super Built up area 1236(114.83 sq.m.)Carpet area: 673 sq.ft. (62.52 sq.m.)  sq.ft.,Furnished,Family Only," in 7 Plumeria Drive, Dange Chowk, , Pune, Maharashtra",4th   of 21 Floors,North-East,Vitrified,,,1 Covered,,,36 Months,1 Months,Charges not included,Full,0 to 1 Year Old
"13,500",1,1,Not given,1,"Deposit₹ 50,000/-",Super Built up area 740(68.75 sq.m.)Built Up area: 700 sq.ft. (65.03 sq.m.)Carpet area: 650 sq.ft. (60.39 sq.m.)  sq.ft.,Unfurnished,Family Only," in Brookside Society, Vishrantwadi, , Pune, Maharashtra",1st   of 7 Floors,South-East,Ceramic,Yes,Yes,1 Open,,,11 Months,1 Months,Charges not included,Partial,5 to 10 Year Old
9000,1,1,Not given,1,"Deposit₹ 25,000/-",Super Built up area 650(60.39 sq.m.)  sq.ft.,Unfurnished,Family Only," in Nhavale Nisarg Classic, Bijle Nagar, , Pune, Maharashtra",3rd   of 6 Floors,,,,,1 Covered,,,12 Months,2 Months,Charges not included,None,5 to 10 Year Old
"18,000",2,1,Not given,,"Deposit₹ 100,000/-",Built Up area: 1000 (92.9 sq.m.)  sq.ft.,Furnished,All," in Shukrawar Peth, , Pune, Maharashtra",1st   of 6 Floors,,,,,,,,None,0 Months,Charges not included,None,10+ Year Old
"13,000",1,1,Not given,1,"Deposit₹ 40,000/-",Super Built up area 579(53.79 sq.m.)  sq.ft.,Furnished,Family Only," in Morya Majestic, Sukhsagar Nagar, , Pune, Maharashtra",1st   of 5 Floors,South-West,Vitrified,Yes,,"1 Covered, 0 Open",,,None,0 Months,Charges included,Partial,1 to 5 Year Old
"25,000",1,1,Not given,,,Super Built up area 600(55.74 sq.m.)  sq.ft.,Furnished,All," in meera nagar co society, meera nagar co society lane 7 koregaon park pune 411001, , Pune, Maharashtra",1st   of 4 Floors,,,,,1 Open,,,None,0 Months,Charges included,None,5 to 10 Year Old
9000,1,1,Not given,1,"Deposit₹ 25,000/-",Built Up area: 450 (41.81 sq.m.)  sq.ft.,Unfurnished,All," in Ganga nagri co.op hsg society, Ganesh Nagar, , Pune, Maharashtra",4th   of 4 Floors,West,,Yes,,"1 Covered, 0 Open",,,None,0 Months,Charges not included,None,10+ Year Old
"18,500",2,2,Not given,1,"Deposit₹ 50,000/-",Built Up area: 750 (69.68 sq.m.)  sq.ft.,Semifurnished,Family Only," in Sarita Vihar, , Pune, Maharashtra",2nd   of 4 Floors,,,,,1 Open,,,None,0 Months,Charges not included,None,10+ Year Old
"11,000",1,1,Not given,2,"Deposit₹ 25,000/-",Carpet area: 590 (54.81 sq.m.)  sq.ft.,Unfurnished,All," in Urban Bliss, Lohegaon, , Pune, Maharashtra",3rd   of 4 Floors,North,Others,Yes,,"1 Covered, 1 Open",,Yes,11 Months,1 Months,Charges not included,Partial,5 to 10 Year Old
8500,,1,Not given,,"Maintenance₹ 500/- (/ month)Deposit₹ 20,000/-",Carpet area: 250 (23.23 sq.m.)  sq.ft.,Semifurnished,All," in Hari Vijay Society, Parvati Gaon, , Pune, Maharashtra",1st   of 4 Floors,South,Ceramic,Yes,,1 Open,,Yes,11 Months,1 Months,Charges not included,None,10+ Year Old
"17,500",2,2,Not given,1,"Deposit₹ 50,000/-",Carpet area: 763 (70.89 sq.m.)  sq.ft.,Unfurnished,Family Only," in Rudrashray Apartment, Ingle Nagar, , Pune, Maharashtra",3rd   of 4 Floors,West,Vitrified,Yes,,1 Covered,,,36 Months,1 Months,Charges not included,Partial,10+ Year Old
7500,1,1,Not given,1,"Deposit₹ 15,000/-",Plot area 350(32.52 sq.m.)  sq.ft.,Unfurnished,All," in New Sanghvi, , Pune, Maharashtra",,,,,," Covered,  Open",,,None,0 Months,Charges not included,None,5 to 10 Year Old
"17,500",2,2,Not given,1,"Deposit₹ 50,000/-",Super Built up area 1000(92.9 sq.m.)Built Up area: 950 sq.ft. (88.26 sq.m.)Carpet area: 700 sq.ft. (65.03 sq.m.)  sq.ft.,Unfurnished,Family Only," in Vishal Viviana, Hanuman Nagar, , Pune, Maharashtra",4th   of 11 Floors,West,,,,1 Covered,,,24 Months,1 Months,Charges not included,Partial,0 to 1 Year Old
"10,000",1,1,Not given,1,"Deposit₹ 15,000/-",Carpet area: 400 (37.16 sq.m.)  sq.ft.,Unfurnished,"Family , Bachelors (Men Only)"," in dattawadi, dattawadi, , Pune, Maharashtra",1st   of 2 Floors,,,,,1 Open,,,11 Months,1 Months,Charges not included,None,10+ Year Old
9000,1,1,Not given,1,,Super Built up area 550(51.1 sq.m.)  sq.ft.,Unfurnished,Family Only," in rutugand society, adharsh nagar kiwale dehuroad, , Pune, Maharashtra",4th   of 5 Floors,,,,,"0 Covered, 0 Open",,,None,0 Months,Charges included,None,1 to 5 Year Old
"10,000",1,1,Not given,1,"Deposit₹ 25,000/-",Carpet area: 500 (46.45 sq.m.)  sq.ft.,Unfurnished,All," in Chandan Shopping Center, Kharadi, , Pune, Maharashtra",1st   of 1 Floors,East,Spartex,Yes,,0 Covered,,Yes,None,1 Months,Charges not included,None,5 to 10 Year Old
"10,500",1,1,Not given,2,"Deposit₹ 20,000/-",Built Up area: 1200 (111.48 sq.m.)Carpet area: 650 sq.ft. (60.39 sq.m.)  sq.ft.,Unfurnished,All," in Kaspate wasti , Kasptewasti, bhrmhaa park phase 2, , Pune, Maharashtra",2nd   of 3 Floors,East,Marble,,,"1 Covered, 1 Open",,,11 Months,1 Months,Charges not included,None,5 to 10 Year Old
,,,Not given,0,,None,,None,,,,,,,,,,,,,,
7000,1,,Not given,,,Carpet area: 400 (37.16 sq.m.)  sq.ft.,Semifurnished,All," in Grewal Housing Society, Vadgaon Sheri, , Pune, Maharashtra",Ground of 2 Floors,,,,,1 Open,,,None,0 Months,Charges included,None,5 to 10 Year Old
"12,000",2,2,Not given,2,"Deposit₹ 35,000/-",Super Built up area 1122(104.24 sq.m.)  sq.ft.,Semifurnished,All," in Hubtown Countrywoods, Tilekar Nagar, , Pune, Maharashtra",2nd   of 12 Floors,,,,,1 Covered,,,11 Months,1 Months,Charges not included,None,1 to 5 Year Old
"20,000",3,2,Not given,1,"Deposit₹ 100,000/-",Built Up area: 1305 (121.24 sq.m.)  sq.ft.,Unfurnished,All," in Megapolis Splendour, Hinjewadi, , Pune, Maharashtra",4th   of 14 Floors,East,,,,"1 Covered,  Open",,,11 Months,0 Months,Charges not included,Full,1 to 5 Year Old
7500,1,1,Not given,1,,Super Built up area 685(63.64 sq.m.)  sq.ft.,Unfurnished,All," in Mont Vert Vesta, Pirangut, , Pune, Maharashtra",4th   of 12 Floors,,,,,1 Covered,,,None,0 Months,Charges not included,None,1 to 5 Year Old
"12,000",1,2,Not given,1,"Maintenance₹ 700/- (/ month)Deposit₹ 40,000/-",Super Built up area 568(52.77 sq.m.)  sq.ft.,Semifurnished,All," in Sai Angan, Pimple Gurav, , Pune, Maharashtra",1st   of 4 Floors,South,,Yes,Yes,2 Open,,,12 Months,1 Months,Charges not included,None,1 to 5 Year Old
"16,000",1,1,Not given,2,"Deposit₹ 50,000/-",Super Built up area 705(65.5 sq.m.)Built Up area: 662 sq.ft. (61.5 sq.m.)  sq.ft.,Semifurnished,"Family , Bachelors (Women Only)"," in Sheth Beverly Hills, Hinjewadi, , Pune, Maharashtra",5th   of 12 Floors,,,Yes,,1 Open,,,11 Months,1 Months,Charges not included,Full,1 to 5 Year Old
"13,000",2,2,Not given,2,"Deposit₹ 36,000/-",Carpet area: 505 (46.92 sq.m.)  sq.ft.,Unfurnished,All," in Majestique Nest, Fursungi Gaon, , Pune, Maharashtra",12nd   of 12 Floors,,,Yes,,1 Covered,,,None,0 Months,Charges included,Partial,Under Construction
"10,000",1,1,Not given,2,"Deposit₹ 20,000/-",Carpet area: 569 (52.86 sq.m.)  sq.ft.,Unfurnished,Bachelors (Men Only)," in Swapna Sankul Society, Dhanori, , Pune, Maharashtra",5th   of 6 Floors,West,,Yes,Yes,1 Open,,,11 Months,2 Months,Charges included,None,5 to 10 Year Old
7500,1,1,Not given,,"Deposit₹ 15,000/-",Plot area 450(41.81 sq.m.)  sq.ft.,Semifurnished,Bachelors (Women Only)," in Dhanori, , Pune, Maharashtra",,North,Marble,,,1 Covered,,,12 Months,1 Months,Charges not included,None,0 to 1 Year Old
"18,500",2,2,Not given,2,"Deposit₹ 50,000/-",Super Built up area 1000(92.9 sq.m.)  sq.ft.,Unfurnished,Family Only," in Siddhivinayak Shubhashree Residential, Akurdi, , Pune, Maharashtra",4th   of 8 Floors,,,,,1 Open,,,None,0 Months,Charges not included,None,5 to 10 Year Old
"10,000",1,1,Not given,1,"Deposit₹ 30,000/-",Built Up area: 570 (52.95 sq.m.)  sq.ft.,Semifurnished,All," in Bhandari Ivory, Wagholi, , Pune, Maharashtra",5th   of 5 Floors,North-East,,Yes,,1 Covered,,,None,0 Months,Charges not included,Full,1 to 5 Year Old
6000,2,1,Not given,1,"Deposit₹ 10,000/-",Carpet area: 450 (41.81 sq.m.)  sq.ft.,Unfurnished,All," in Dinker pathare wasti lane no. 8, , Pune, Maharashtra",2nd   of 3 Floors,East,Cement,,Yes,1 Covered,,Yes,12 Months,0 Months,Charges not included,None,1 to 5 Year Old
"20,000",2,1,Not given,3,"Deposit₹ 50,000/-",Super Built up area 1400(130.06 sq.m.)  sq.ft.,Semifurnished,All," in Defence Shaurya Homes, Tingre Nagar, , Pune, Maharashtra",Ground of 5 Floors,West,Vitrified,Yes,,"1 Covered, 1 Open",Yes,Yes,11 Months,2 Months,Charges included,Partial,5 to 10 Year Old
"14,000",1,1,Not given,1,"Deposit₹ 25,000/-",Built Up area: 600 (55.74 sq.m.)  sq.ft.,Unfurnished,All," in On req, Pimple Gurav, , Pune, Maharashtra",2nd   of 3 Floors,South,,,,,,,None,0 Months,Charges not included,None,5 to 10 Year Old
"12,000",1,1,Not given,1,"Deposit₹ 75,000/-",Built Up area: 560 (52.03 sq.m.)  sq.ft.,Semifurnished,Family Only," in Anand Park Society, Guru Nanak Nagar, , Pune, Maharashtra",2nd   of 3 Floors,,,Yes,,,,,None,0 Months,Charges included,Full,1 to 5 Year Old
8500,1,1,Not given,1,"Deposit₹ 20,000/-",Built Up area: 540 (50.17 sq.m.)  sq.ft.,Unfurnished,All," in Dhanori, , Pune, Maharashtra",,,,,,,,,None,0 Months,Charges not included,None,10+ Year Old
"10,200",1,2,Not given,2,"Deposit₹ 21,000/-",Built Up area: 559 (51.93 sq.m.)  sq.ft.,Unfurnished,All," in Thite Nagar, , Pune, Maharashtra",,East,,,,,,,None,0 Months,Charges not included,None,0 to 1 Year Old
7500,1,1,Not given,1,"Deposit₹ 15,000/-",Plot area 450(41.81 sq.m.)  sq.ft.,Unfurnished,All," in Gokul nagar, katraj, , Pune, Maharashtra",,North-East,Others,,,1 Covered,,Yes,None,1 Months,Charges not included,None,1 to 5 Year Old
8000,1,2,Not given,2,,Carpet area: 750 (69.68 sq.m.)  sq.ft.,Unfurnished,All," in Siddhivinayak Enliven Homes, Wagholi, , Pune, Maharashtra",1st   of 10 Floors,South-East,Ceramic,Yes,,1 Covered,,,6 Months,0 Months,Charges not included,Partial,0 to 1 Year Old
"15,000",2,2,Not given,1,"Deposit₹ 30,000/-",Built Up area: 700 (65.03 sq.m.)  sq.ft.,Unfurnished,All," in navnath krupa, Wakad, , Pune, Maharashtra",2nd   of 3 Floors,North-West,,,,"1 Covered, 0 Open",,,None,0 Months,Charges not included,None,1 to 5 Year Old
2500,,,Not given,0,"Maintenance₹ 400/- (/ month)Deposit₹ 5,000/-",Plot area 1000(92.9 sq.m.)  sq.ft.,Unfurnished,Bachelors (Men Only)," in Narhe, , Pune, Maharashtra",2nd   of 4 Floors,East,Granite,,Yes,,,,None,1 Months,Charges not included,None,5 to 10 Year Old
5500,1,1,Not given,,"Deposit₹ 20,000/-",Built Up area: 580 (53.88 sq.m.)  sq.ft.,Unfurnished,None," in Devyani avenue, Phursungi, , Pune, Maharashtra",5th   of 5 Floors,,,,,,,,None,0 Months,Charges included,None,0 to 1 Year Old
"10,000",,2,Not given,,"Deposit₹ 30,000/-",Carpet area: 800 (74.32 sq.m.)  sq.ft.,Semifurnished,Family Only," in Lake Paradise, Talegaon, , Pune, Maharashtra",1st   of 4 Floors,East,Vitrified,Yes,,"2 Covered,  Open",,Yes,11 Months,2 Months,Charges not included,Full,5 to 10 Year Old
"15,000",1,1,Not given,1,"Deposit₹ 30,000/-",Carpet area: 510 (47.38 sq.m.)  sq.ft.,Unfurnished,Family Only," in Thite Nagar, , Pune, Maharashtra",,North,,,,,,,None,0 Months,Charges not included,None,0 to 1 Year Old
"10,000",2,2,Not given,2,"Deposit₹ 25,000/-",Carpet area: 835 (77.57 sq.m.)  sq.ft.,Unfurnished,All," in Narhe, , Pune, Maharashtra",5th   of 6 Floors,South-East,,,,1 Open,,,None,0 Months,Charges not included,None,0 to 1 Year Old
,,,Not given,0,,None,,None,,,,,,,,,,,,,,
